trial_id,condition,n_frames,duration_s,mean_distance,min_distance,mean_angle,final_angle,angle_change,mean_hull_area,hull_area_change
human_Group1_10.csv,human,627,5.225,1.8109074028731995,1.7273938345732816,132.74613315268675,138.18530892217743,-13.306350374284492,1.1327247874072353,0.019863869412000135
human_Group1_11.csv,human,620,5.166666666666667,1.423270153797597,1.3613009346386988,131.36979616045832,146.0009401884721,-31.610185477834577,1.1754683391223881,0.02839221679199988
human_Group1_12.csv,human,633,5.275,1.4419562149816145,1.3221212407970555,153.25874221526604,130.4151923637825,9.846291909375452,0.658503743026072,-0.4598081888350003
human_Group1_13.csv,human,659,5.491666666666666,1.328550369685739,1.3057645833738778,151.91616485122574,153.37805290161214,-0.19676454811829558,0.7454853944410417,-0.029220861069000348
human_Group1_14.csv,human,645,5.375,1.2664515528395393,1.154489951973102,162.24688959111623,148.11479452297755,19.916859610335024,0.8373659159192177,-0.28787915739250003
human_Group1_15.csv,human,616,5.133333333333334,1.4470692561473246,1.4121632648264353,158.88043514958207,158.65991044396142,1.7314370941867878,0.9607189503179049,-0.03431092664250013
human_Group1_16.csv,human,635,5.291666666666667,1.2900493196542129,1.2319179701713103,162.69823485214576,152.0721740871244,-2.3026427467472104,0.5972052811734716,0.06834548559699993
human_Group1_19.csv,human,622,5.183333333333334,1.5054496922038862,1.4344395602505546,149.3544332545667,138.90283165764438,22.853854570619205,1.0059201153839323,0.19858088353900039
human_Group1_21.csv,human,630,5.25,1.331851346901891,1.2041590434492626,139.38546816663103,140.07214439331125,-0.8102106255276169,1.061476258389339,-0.5419294346335001
human_Group1_22.csv,human,638,5.316666666666666,1.6528977615755551,1.6418898468273462,148.93209806049822,153.11408212725564,-2.4298524300139377,1.0857595540599232,0.0013979171234996812
human_Group1_23.csv,human,623,5.191666666666666,1.6012064706656637,1.5503710804063537,139.76430156310855,134.7331010431914,0.7122114271591613,1.234490285332142,-0.13896439627900015
human_Group1_24.csv,human,626,5.216666666666667,1.2870773510891733,1.2168285731813329,133.83835231319344,136.16718591653247,-11.989815645888129,0.6146640739485728,1.11546242967
human_Group1_25.csv,human,623,5.191666666666666,1.4099215658641588,1.3739602323530529,129.2787327955817,104.04099856261018,47.98745491879404,0.7624727279018171,-0.006089981573000114
human_Group1_26.csv,human,635,5.291666666666667,1.4840186665983595,1.4244631520479043,146.79137011984815,154.44341014131862,-5.070898548655549,0.7489441772189315,0.01652748606650023
human_Group1_27.csv,human,629,5.241666666666666,1.4549771461164702,1.440261464794584,161.20645664847396,162.4271382159501,-4.445885622236091,0.5760111991821566,-0.2941294684370001
human_Group1_28.csv,human,618,5.15,1.5033228425301681,1.4525441927374512,142.68346946826628,156.56025000041782,-52.05410310200958,0.8753330409401014,0.015387573281499756
human_Group1_3.csv,human,625,5.208333333333333,1.6622052564077934,1.431045568295368,119.54104649636606,120.89644809664894,-17.873849951713552,0.5522219708847864,0.00801579889400017
human_Group1_30.csv,human,618,5.15,1.422662100284272,1.190255379174441,145.3349822338097,164.91996603807368,-15.720569223619407,0.9091962543949998,-0.04754826286200042
human_Group1_31.csv,human,622,5.183333333333334,1.321654754262224,1.1994022448079198,154.33753498613476,158.84932689554694,-2.624903927729491,0.9157431508600185,-0.058921696588000394
human_Group1_32.csv,human,636,5.3,1.2841135666912262,1.2298039911020313,133.52709295676465,138.16145854594814,-33.98281553850816,0.5853129625619645,0.17611657901900024
human_Group1_33.csv,human,623,5.191666666666666,1.1870614724411277,1.1129180057335606,132.8626952237381,112.6518125901672,22.50192048546549,1.2412260996370819,-0.2220187141075003
human_Group1_35.csv,human,629,5.241666666666666,1.25713476315248,1.1516079393843077,109.59869839491871,130.0611571366857,-12.962023891363899,0.6277493922009634,-1.1583704473735001
human_Group1_36.csv,human,629,5.241666666666666,1.1655322492274625,1.077555778174979,154.50838633909623,155.45368724220512,-5.347356335523102,0.4752427393379181,0.801869303802
human_Group1_37.csv,human,623,5.191666666666666,1.2043027155831794,1.1500758482675064,140.659840147293,144.09587865814248,-9.94589056452537,0.46534114913302893,0.6139237544099999
human_Group1_38.csv,human,628,5.233333333333333,1.2960526713422105,1.2232608461098469,114.68798889606187,105.25860651898029,25.430887622182667,0.4351156106352468,-0.09536682204299973
human_Group1_39.csv,human,620,5.166666666666667,1.4498032902761846,1.407582181866923,112.96283937430053,120.96011134498683,-13.094347510179873,0.6169214543705088,0.4093734056310002
human_Group1_40.csv,human,619,5.158333333333333,1.462644317737168,1.3540394712440607,127.28200914659442,157.89845903544241,-36.95916422170997,0.4850143354035016,-0.012714324879499417
human_Group1_42.csv,human,619,5.158333333333333,1.1281443017230557,1.0511668045817344,126.45444120651042,118.1757622338672,19.52140310252875,1.0863620089830055,0.6572708590825
human_Group1_5.csv,human,631,5.258333333333334,2.525331247003194,2.4298905738032306,102.11869968342879,104.62378868023102,-5.76332695569306,0.7363571246157404,-0.042110187016500045
human_Group1_7.csv,human,613,5.108333333333333,1.8597335189387496,1.8410553930241835,91.31289255365034,91.54991082261914,-2.7329572850991894,0.8833451311951667,0.0039324117889997234
human_Group1_8.csv,human,619,5.158333333333333,2.2476741151399953,2.199939961133777,126.99472646271077,121.3016369608501,8.998775431726258,0.7816994638358754,-0.06664595884749991
human_Group1_9.csv,human,616,5.133333333333334,1.8483390740257275,1.83924592191598,123.96461294011132,132.47084187737372,-8.964090315380162,0.8764502486975658,0.01688930808250022
human_Group1_g.csv,human,624,5.2,2.286345591475241,2.141162011393576,123.2773919570737,136.3172173119987,-14.490049272549214,1.3071027552139785,-0.05234454988649939
human_Group1_wo.csv,human,625,5.208333333333333,1.6269127090967683,1.5493121361720756,124.12275418381203,134.49203747053468,-6.621434976568182,0.47194467725144956,0.09920238131199999
human_Group10_1.csv,human,590,4.916666666666667,1.9550601922888653,1.3376191397234924,92.33488499189805,99.29608118155498,-3.00724527935796,0.5168584998042737,-0.0040689939315001755
human_Group10_11.csv,human,614,5.116666666666666,1.4760373589497477,1.3322619876704602,141.51412566691934,150.96472388287756,-7.21067407911562,0.3119731972339641,0.06450488880299976
human_Group10_12.csv,human,596,4.966666666666667,1.1166228830360092,1.0285855673458866,127.4458165392539,100.68317105323395,39.88884744282477,0.4035867588367324,0.6987763823035
human_Group10_13.csv,human,595,4.958333333333333,1.2047329584791777,1.057420621086719,158.21639579574457,168.39389028622023,-15.689903150595626,0.2910091861992416,0.17219116310850013
human_Group10_14.csv,human,591,4.925,1.4524159619858235,1.2896646450589382,150.27489990010815,173.6795790257478,-26.798645021484674,0.449952674920291,-0.22110597563899992
human_Group10_2.csv,human,606,5.05,1.6310833899096802,1.2843353006321858,118.25956276636032,127.7469040282124,-20.491048748312295,0.5315589469329951,0.011092572245499976
human_Group10_21.csv,human,616,5.133333333333334,1.177599641064148,1.0672537583430364,151.37765932388137,172.95534274801426,-40.332532940337046,0.5810829193209326,-0.045469598091000096
human_Group10_22.csv,human,601,5.008333333333334,1.4174157420571951,1.370351048346704,130.59367742931144,142.00649719598619,-27.20893065974319,1.23874244669914,-0.8257123717230003
human_Group10_3.csv,human,597,4.975,1.9931084167625452,1.7056647774795344,95.73393338213282,73.25434262662476,5.46849790321879,0.5240773464323292,0.2027411613815
human_Group10_31.csv,human,600,5.0,1.4071961620163898,1.2608330928204623,140.90442086802,163.80337283235517,-2.122697678255804,0.2934301955003088,-0.13167142474500027
human_Group10_4.csv,human,601,5.008333333333334,1.6505686154719736,0.9879718150113571,103.98488126631273,118.18005391840434,-26.822172577563293,0.5340978817941625,-0.04588067246900018
human_Group10_5.csv,human,594,4.95,1.3950943262148852,1.0716783837010728,112.77177860629816,122.73074290047661,0.18384721645321633,0.5547627900554789,-0.01860457929599979
human_Group10_6.csv,human,610,5.083333333333333,1.4453069579012787,1.334468421164937,114.6821425836722,142.9295229656471,-44.2329553148159,0.5547453155681599,0.043215981203000076
human_Group10_7.csv,human,535,4.458333333333333,1.3613890455692739,0.990644996124446,103.89578473493133,81.85157847241722,11.124781259141542,0.6066340009704645,-0.33919571952
human_Group10_8.csv,human,592,4.933333333333334,1.7951808995912633,1.5859379228754005,74.45035318835608,108.02177076149955,-9.517039113962753,0.6406709311733325,-0.047213807387499696
human_Group10_9.csv,human,603,5.025,1.9927649628685666,1.4102768743345486,95.37629454870905,102.77971174440547,-17.544113529730012,0.5576436592269028,-0.006201546962000037
human_Group2_1.csv,human,596,4.966666666666667,0.9839088888563532,0.8477650041366189,121.16422400228284,138.7213137376438,-45.77815677449348,0.2739035321865084,-0.004951388476499952
human_Group2_10.csv,human,587,4.891666666666667,0.9970585406066632,0.7471123480435891,122.54637979511747,125.55159648372779,-19.732502427535508,0.3177113376595503,0.002739158829499877
human_Group2_11.csv,human,616,5.133333333333334,1.1998507645118623,1.1179826508988187,137.23892890601266,166.95469797376398,-6.428834111434213,0.415813330065774,0.2701131063164999
human_Group2_12.csv,human,591,4.925,1.015559005324304,0.9522440758022636,137.19724735050212,136.5897243253861,8.790492065271138,0.680897624806939,-0.26930358714300007
human_Group2_13.csv,human,593,4.941666666666666,1.2025717554562827,1.0708422654203835,151.25323448204728,164.2612586725044,-13.730653326514727,0.3793133433131948,-0.18156879647499996
human_Group2_14.csv,human,594,4.95,1.3307306038265907,1.2997001895749378,141.8154480681941,136.26165653525968,7.338133253765761,0.5048072557551381,0.27870523150099996
human_Group2_15.csv,human,592,4.933333333333334,1.0141619281464596,0.8958416628928222,152.30972188022056,154.91597690998807,-4.525508637396086,0.3548219912268469,-0.264254743266
human_Group2_16.csv,human,587,4.891666666666667,1.0664718011254077,0.9003550534609778,154.8272095117267,159.14203517158072,9.201153931519343,0.27117983458664563,0.3222638577429999
human_Group2_17.csv,human,597,4.975,1.23883299297575,1.1796948651474743,155.02642125073294,145.01128561737525,17.856951394644426,0.4545717493471416,-0.07992745882400004
human_Group2_18.csv,human,587,4.891666666666667,1.033621806249594,0.9262063050373722,156.97439982455325,146.62668829930908,-2.119074907770738,0.16999847530128193,-0.040025894506500015
human_Group2_19.csv,human,592,4.933333333333334,1.0225961413045814,0.9493015591497133,144.60017974787604,154.2072741015838,1.7492054054936546,0.54725122806811,-0.37078735270200014
human_Group2_2.csv,human,606,5.05,1.8076949223920047,1.6594452326953986,109.41138456420903,97.0626726450751,2.057651066204329,0.28669347479758434,0.025144534822000075
human_Group2_20.csv,human,594,4.95,1.2978420879451844,1.2693430670464727,146.17820068921898,133.79976640421214,6.73761179548859,0.4883701364235497,0.11002306974699999
human_Group2_21.csv,human,590,4.916666666666667,1.1440090275112433,1.034993723302098,150.98662121182403,150.25765749858567,-4.6243839919632705,0.16348575850601016,0.06642915175650005
human_Group2_22.csv,human,592,4.933333333333334,1.3159358891774833,1.1908902633018685,141.97011047392053,146.84024001951266,-24.285869268484504,0.4309419308568122,-0.5545816322839999
human_Group2_23.csv,human,595,4.958333333333333,1.2371874495496684,1.07575664206939,132.5487534368043,136.8016504602593,-14.621748987808829,0.2368264158909933,-0.015925484967999892
human_Group2_24.csv,human,594,4.95,1.006968990868517,0.9307307554755025,135.47416696163359,153.28536177755916,-11.045110302112676,0.6050816648704991,-0.5012958485170003
human_Group2_25.csv,human,589,4.908333333333333,1.15155535245541,1.045985892455222,148.37056859719806,144.62411710595475,-2.411717247567367,0.238552622961193,-0.20997272934400002
human_Group2_26.csv,human,600,5.0,1.153182065046245,0.9617393259907097,128.4622697552414,133.45701075379316,-13.946695400356148,0.2512924438435943,-0.2181997154080001
human_Group2_27.csv,human,598,4.983333333333333,0.9242915580803059,0.8697240098936733,140.72108089021518,122.68448471393258,12.351018553334555,0.5588923368587521,0.4893274380274998
human_Group2_28.csv,human,609,5.075,1.1782354484642377,1.003947249323644,145.67859893761863,149.07403134777687,-14.713833037388014,0.1889200051720822,-0.15601179411299976
human_Group2_29.csv,human,598,4.983333333333333,1.4573030830589844,1.3827753817603512,137.55403352670785,154.80307149501422,-12.119510707788919,0.598805841831684,0.29413621758249997
human_Group2_3.csv,human,593,4.941666666666666,1.4158193174625668,1.204919563117516,106.86213530518337,98.33544988891076,-2.20488413093328,0.2824385733325777,0.009277893606000176
human_Group2_30.csv,human,604,5.033333333333333,1.3803490194693506,1.3226323558997481,131.5422250323923,156.43856431285747,-13.383908757107548,0.5079755213585887,0.2942005298650001
human_Group2_31.csv,human,595,4.958333333333333,1.206691343832685,1.1774865330329891,112.22827937855158,95.89390611256393,2.372193361168428,0.4341334673986986,-0.1269974573494999
human_Group2_32.csv,human,594,4.95,0.8789344317032368,0.8389951346993202,120.07667850554812,114.43837933706739,-6.363639351747011,0.691072625464538,0.03157951245949986
human_Group2_33.csv,human,589,4.908333333333333,1.0521491283242155,0.899539538019674,115.54290864905856,121.29527254804093,-6.270702452381755,0.1479173320617721,-0.14612001032800015
human_Group2_34.csv,human,593,4.941666666666666,0.9045004851213779,0.7972728390640346,132.35781474785455,149.49102593145093,-9.938186749143227,0.7025146299878252,-0.39729388068599986
human_Group2_35.csv,human,605,5.041666666666667,1.3366998655618998,1.283826431353737,120.92090469436992,115.80592062586254,0.6408197072223629,0.5834888579952641,0.39485179885200006
human_Group2_36.csv,human,592,4.933333333333334,1.3075315904423732,1.2286379999814365,132.6167144112984,134.52922883436221,6.457922075312723,0.4489664076014721,-0.5891406392114997
human_Group2_37.csv,human,592,4.933333333333334,1.0628736400361392,0.9069262301938005,124.53794085091731,102.65403346809855,34.44973491305164,0.2727539261353943,0.20588419248999962
human_Group2_38.csv,human,596,4.966666666666667,0.9497222192216542,0.8885623070559725,126.45308328155072,158.82799677209474,-47.10357913994905,0.7254683238214681,-0.29130781337650025
human_Group2_39.csv,human,596,4.966666666666667,1.283600692687584,1.177283955810718,130.9656883075459,139.7101279276055,-9.02979456378523,0.31404544672081847,0.3539788433044998
human_Group2_4.csv,human,591,4.925,1.385050965532291,1.0947339991148877,102.49768734448254,108.61080002055525,-1.6933600448891752,0.2856648612637729,-0.007748048233000127
human_Group2_40.csv,human,596,4.966666666666667,1.2396964596878954,1.1735539620778341,122.21597917463991,120.80629721605159,20.045074153103982,0.30718451124712515,0.36356892867199986
human_Group2_41.csv,human,601,5.008333333333334,1.116522603540205,0.9926760048416517,135.44522564682853,100.41087902026997,42.63416485532717,0.3118937202890817,-0.48030811029100007
human_Group2_42.csv,human,601,5.008333333333334,1.3004985854123132,1.2693994820422538,112.4074977458461,130.46066243462226,-9.180926383564113,0.45937622306663395,-0.0370227970114998
human_Group2_5.csv,human,586,4.883333333333334,1.2061031541369815,0.8466799864612772,115.28855751264688,128.9588291325903,-34.00377466613743,0.2822268460720452,0.01157349247099998
human_Group2_6.csv,human,592,4.933333333333334,1.265831351451719,0.9246222708596933,102.82084356970545,125.54490376121363,-39.36391005156328,0.2953607468121698,-0.018754012229500072
human_Group2_7.csv,human,602,5.016666666666667,1.203332239479214,0.8971054961653983,105.69885071349665,123.04753147309144,-30.185255070537465,0.28745400449552244,0.011126108701999982
human_Group2_8.csv,human,592,4.933333333333334,1.536770136871803,1.3958400230341483,93.3181823982622,103.37723654440867,-6.701664893448012,0.29245071573003456,-0.003451071382500004
human_Group2_9.csv,human,592,4.933333333333334,1.4420936659569994,1.3766221063337358,91.60915994011222,99.77319273502542,2.2998262381309615,0.29731902612889693,0.005448119014999975
human_Group3_1.csv,human,593,4.941666666666666,1.424046363615822,0.8403347602718982,105.6175880632294,107.4502266272404,5.231282681123503,0.39195884541036424,0.006303703463000021
human_Group3_10.csv,human,615,5.125,1.3991395846989378,0.9393187124691584,107.28922925903092,118.03038676280478,-28.381433841069253,0.4430311481729333,0.04299483051100017
human_Group3_11.csv,human,587,4.891666666666667,1.4216238874884568,1.3604713549391612,135.57507681512158,131.52710394186872,-1.7847172635090374,0.6655771234626091,-0.44955017598349994
human_Group3_12.csv,human,589,4.908333333333333,1.121149342450962,1.0390725013358324,143.86560513036605,140.44013301438733,0.012767355023328264,0.37174747412832143,-0.5895752111049998
human_Group3_13.csv,human,594,4.95,1.281832875606923,1.1968781568275144,135.83904173182268,116.48445081023367,25.378544528577365,0.3251317193741852,0.3368742155530002
human_Group3_14.csv,human,592,4.933333333333334,1.32949533401459,1.2590379821533357,149.17000162527376,119.43010786304957,5.853876462343621,0.5690741431325947,0.053402596456000095
human_Group3_15.csv,human,598,4.983333333333333,1.1948933968202957,1.0485368843913128,132.4202366004623,137.75841817073595,-16.362551969371665,0.2744352053463395,0.2958429436464999
human_Group3_16.csv,human,593,4.941666666666666,1.3558708596072029,1.1269672645526732,140.28069031283474,150.56203719080133,-0.8766809708805852,0.3016719668360514,-0.14397095602150012
human_Group3_17.csv,human,592,4.933333333333334,1.2578749519540682,1.120658947710601,99.64747414468391,150.20709779668357,-7.824562590722252,0.2995568185248299,0.04396682615750011
human_Group3_18.csv,human,594,4.95,1.0349285556348289,0.9354344669648329,138.8951818143638,153.2208240473593,-6.276822825060748,0.7093132029054814,0.138942998632
human_Group3_19.csv,human,590,4.916666666666667,1.204211653772404,0.9717898364593885,117.24670786417177,139.23001690823452,0.8298437936639118,0.3851980839895127,0.35339040373250014
human_Group3_2.csv,human,612,5.1,1.884327236120927,1.2974605526024503,114.19467576280277,120.1696910802827,-17.81508441325697,0.5160829958038944,-0.007679799837999934
human_Group3_20.csv,human,587,4.891666666666667,1.4618743881071292,1.2643332074981855,141.41934929565,120.18071483149468,12.259600812940207,0.2852441169729275,-0.08145345363300005
human_Group3_21.csv,human,597,4.975,1.123333529036135,0.9393344732045956,144.22264782218107,134.59668020539482,5.14926382181207,0.7618147742780244,-0.7190108641599999
human_Group3_22.csv,human,598,4.983333333333333,1.434050307491167,1.2797963245011095,137.39430625654492,134.77487359188484,-1.366817212687664,0.5347458067547585,-0.9037634305794996
human_Group3_23.csv,human,602,5.016666666666667,1.126099192368173,0.9099879718218187,132.42025760342597,115.86746818114808,27.232812501812774,0.48263411932434935,0.012116759843999958
human_Group3_24.csv,human,590,4.916666666666667,1.06879636359248,0.9586125583456875,140.43775361550334,74.10992913966113,80.9916890324338,0.7666971007102524,-0.8132669032655
human_Group3_25.csv,human,614,5.116666666666666,1.3708677604335298,1.0576247790036677,136.1233391081235,142.1181710393698,4.128403915561307,0.5765124060307875,-0.8769582871995001
human_Group3_26.csv,human,599,4.991666666666666,0.965538042119248,0.7886019577926803,149.28558845945116,157.68985378985437,-20.71427003107442,0.5873086939693638,-0.882708998507
human_Group3_27.csv,human,587,4.891666666666667,1.2411191780834403,1.0431404488576292,154.05199639493307,161.97757514978616,-23.761065807392328,0.28285538961656737,-0.5059291701955002
human_Group3_28.csv,human,586,4.883333333333334,1.078879072774619,0.8590626922886891,147.71053690266328,160.05942117667215,-19.20195659347337,0.20905370703853504,0.021193220541500135
human_Group3_29.csv,human,590,4.916666666666667,1.2571278540229913,1.1652241931486458,127.49832321629805,153.94616082711357,-31.620001971995606,0.20132353634428304,-0.14794357101400013
human_Group3_3.csv,human,587,4.891666666666667,1.5051213434001076,1.06661636264505,107.27034849790007,74.57709418811397,28.60955121705443,0.48536152643562774,-0.010737951527999945
human_Group3_30.csv,human,597,4.975,0.9511407467738473,0.9085542049955931,134.93532418422615,148.17143226936957,-19.545189629239673,0.6645019739095713,-0.4950041547439998
human_Group3_31.csv,human,588,4.9,1.2006951190330606,1.0681230242762836,150.5712660991299,142.73485765815346,16.505526484603052,0.6099770987319422,0.3153173981195002
human_Group3_32.csv,human,593,4.941666666666666,1.4391384428310405,1.3427844945546206,138.19425999032288,144.40751081113697,-15.56760566557162,0.6550457559193018,0.4101110528940003
human_Group3_33.csv,human,595,4.958333333333333,1.3278308133724401,1.2510760302810093,122.19017480784227,131.68248222135767,-7.452792991670847,0.33811935037973484,0.4220384369949999
human_Group3_34.csv,human,602,5.016666666666667,1.1947691038917045,1.1366677654572466,124.21765593601314,132.10622039769726,-11.078607631239151,0.4639322895709177,0.44558489608500024
human_Group3_35.csv,human,608,5.066666666666666,1.250012668834094,1.1874239402915292,112.97039137428928,118.85872473820751,-20.684885102108396,0.45799555504745054,0.6376622171725003
human_Group3_36.csv,human,596,4.966666666666667,1.3163490927720647,1.2351927841594017,134.6053637732787,145.2632618138889,-3.0340067157019632,0.7628376122865259,0.07551099646350035
human_Group3_37.csv,human,588,4.9,1.2700556252337891,1.1911398859662654,129.99353601091966,130.66411574552913,1.6881620724326467,0.3710999118017615,0.5289857047559996
human_Group3_38.csv,human,585,4.875,1.1693016477222746,0.8621886958124972,137.79166769873333,146.77274828013756,-20.93317695492803,0.23825067607953254,-0.2823814663899999
human_Group3_39.csv,human,587,4.891666666666667,1.0183642497252072,0.8919495769823035,139.91014882165487,132.05455848130205,0.09495230973956836,0.48182415474085005,0.5497215388640002
human_Group3_4.csv,human,591,4.925,1.421228970067489,0.9382018871477705,111.9804718968894,114.19915394416033,-18.76763352376375,0.47631228453711444,-0.25276992333350023
human_Group3_40.csv,human,585,4.875,1.0276973389759607,0.8091959860848075,145.61366958225733,141.90425698023395,0.15801384478240266,0.21232637435953083,0.14796302306600012
human_Group3_41.csv,human,587,4.891666666666667,1.2876259384978002,1.03022108620238,137.59709582044022,153.10338166895727,-30.204751409061288,0.5907802964709948,-0.3607833849380002
human_Group3_42.csv,human,588,4.9,1.1751475072477346,1.0181156249445587,138.48897666871306,150.55444347631965,-20.80083932028427,0.396945871541184,-0.002596548443000335
human_Group3_5.csv,human,591,4.925,1.6140880902455361,1.1289070366484306,102.05866844465154,113.16184539963002,-11.768155637096768,0.3326188389850567,-0.0068152056719998355
human_Group3_6.csv,human,594,4.95,1.4695683379359246,0.9231080522216484,104.56856685399728,124.74528925849256,-42.893677251013955,0.42959265004584396,0.013938233658499888
human_Group3_7.csv,human,591,4.925,1.5751812258044207,1.0971217000933158,111.26696342119426,121.31558300994915,-4.363576759679418,0.4211181429576788,-0.0025806545789999746
human_Group3_8.csv,human,592,4.933333333333334,1.3018156107056944,0.9020475808991707,108.69831955151722,121.96462092658187,-25.032558614597235,0.39269646466691793,-0.00846991928850005
human_Group3_9.csv,human,590,4.916666666666667,1.8462453491560824,1.457715152325844,94.21698367904358,107.59407689967871,-8.316858964588718,0.38985034031391425,-0.0044589245730000115
human_Group4_1.csv,human,588,4.9,1.0370794260378757,0.899440460152895,126.06000557021183,140.86957661379944,-42.00086631992424,0.358109455536341,-0.018047936267000186
human_Group4_10.csv,human,584,4.866666666666666,1.5291684113770347,1.399756214101019,102.04622961642855,91.2208628703106,11.37536795684386,0.44724267740432416,-0.031329449013000166
human_Group4_11.csv,human,600,5.0,1.340537784992951,1.2740907651826412,128.90857353326564,144.20891793754342,-37.68277795516977,0.7199142425917567,0.36415242491099964
human_Group4_12.csv,human,589,4.908333333333333,1.0359883953896634,0.9845794471173638,125.71806563420992,138.35627198802334,-17.382719962884536,0.6529253484016732,-0.3862072206349998
human_Group4_13.csv,human,594,4.95,1.3997828909802716,1.3644048379257432,121.51748305077638,114.20975882146202,21.080534070151387,0.6503175479390886,-0.19803620626250007
human_Group4_14.csv,human,592,4.933333333333334,1.4258294444797908,1.3821109713459394,127.75979173695085,125.50781184463408,14.091996153118416,0.6583586471960303,0.23472670063300027
human_Group4_15.csv,human,586,4.883333333333334,1.0915675671975582,1.059317227730577,144.07520053977578,138.67189935031206,-6.375325175205944,0.9991710490381135,0.3513444810235
human_Group4_16.csv,human,601,5.008333333333334,1.4069456453283355,1.2949497123002083,120.5936931183421,120.2575176078173,0.4227786672203564,0.26855278524303583,0.31263948938300007
human_Group4_17.csv,human,587,4.891666666666667,1.3692878619210784,1.3448903461835187,92.93728261317078,100.99431697359829,-10.448564643680072,0.49465830742383904,0.6009703296640001
human_Group4_18.csv,human,591,4.925,1.3046058380476233,1.2613595416319932,134.29517322364563,130.59669405079597,-13.704063411207372,0.7409068707193222,-0.024556394139999993
human_Group4_19.csv,human,597,4.975,0.9427142843263803,0.8703579611918476,126.61945196916098,117.93516668214248,16.184720790963624,0.7283250545133458,-0.25873351400150013
human_Group4_2.csv,human,602,5.016666666666667,1.4023608818964557,0.9076258968149308,119.55961675411915,107.69713161755845,26.182713395196487,0.39024683211669137,-0.022623774042
human_Group4_20.csv,human,587,4.891666666666667,1.2278629360253706,0.9738269992466493,126.48291058927546,115.82851051144037,15.503970389046643,0.16765824368897103,-0.03429376728600009
human_Group4_21.csv,human,585,4.875,0.9591670519356994,0.7708949405433699,132.48461259777238,128.19947699977342,9.446018100903785,0.7280822720787359,-0.6045037212989999
human_Group4_22.csv,human,581,4.841666666666667,0.9164897500065162,0.9121672835792914,111.17335022561385,110.91339365874363,0.16260504028630862,0.6643236662623209,0.009139440974499813
human_Group4_23.csv,human,586,4.883333333333334,1.1984517314020722,1.161959145841971,137.2009742233986,147.04989136203594,-32.59401579209772,0.2972770153571297,-0.4672046270384998
human_Group4_24.csv,human,587,4.891666666666667,1.2476676450559838,1.1390083232223145,131.70962571489284,148.78071996669848,-13.236381975223736,0.4952138613853551,0.03332753242300013
human_Group4_25.csv,human,583,4.858333333333333,1.0845863122881512,1.0425792522310464,130.84430890363964,136.1194477516423,-6.044337820823046,0.2242727316929837,-0.09543893018050015
human_Group4_26.csv,human,586,4.883333333333334,1.2091577138206708,1.1691487713528153,147.78828904847845,131.28672886849301,20.313237964578207,0.24790558168197774,0.386296877648
human_Group4_27.csv,human,590,4.916666666666667,1.349961507910695,1.2491652131846902,131.7885106833403,136.40568411148078,0.4769136936360212,0.5917017491086486,0.14361404134550015
human_Group4_28.csv,human,597,4.975,1.247493225640394,1.2024461040036776,140.641362310017,146.38822820050652,12.141724263094915,0.31497727816943377,0.5021017160600002
human_Group4_29.csv,human,586,4.883333333333334,1.1111215232006524,1.0533184575587502,113.94964894720088,118.55922083652001,14.284080451098276,0.5791874770455351,-0.35641159574399994
human_Group4_3.csv,human,594,4.95,0.8959773153505132,0.7839244579087397,115.51367960752859,124.75681799154033,-29.900900052688186,0.42224114584213746,-0.028093192042000004
human_Group4_30.csv,human,587,4.891666666666667,0.9730744911980699,0.9066353885594839,133.5003487011983,147.28656366950077,-2.3293633555223323,0.7161631511778139,-0.308907823275
human_Group4_31.csv,human,591,4.925,1.0908249366418283,1.0011711388688311,133.19674894910364,145.0203766677793,-13.926046279166457,0.24398950028558203,-0.4667568383075001
human_Group4_32.csv,human,588,4.9,1.1299773550842083,1.0321954671570264,133.7735998718424,145.5225497037443,-24.31190110702488,0.1580952082066116,-0.15448962807050012
human_Group4_33.csv,human,585,4.875,0.9322579013526081,0.8619166223579015,128.00573576158317,128.4162412550861,15.40645505453017,0.37313308261023165,-0.3564985489210001
human_Group4_34.csv,human,596,4.966666666666667,0.875197149093687,0.753756693691784,130.99805147936965,125.33809548861582,-27.66781681136422,0.6096050232946242,-0.23588031475150006
human_Group4_35.csv,human,591,4.925,0.9204011899494916,0.8812014684928359,125.11515240538749,127.2147819667869,4.696375791957777,0.7164863950368494,-0.09425052528200006
human_Group4_36.csv,human,587,4.891666666666667,1.1189879934441687,1.0329032984873527,132.6624778594202,135.8172518728808,-18.253856459235394,0.3237030999942785,0.48433710089149973
human_Group4_37.csv,human,602,5.016666666666667,1.2720199868801971,1.1906816829801348,129.6293499350782,118.00070869105143,24.966611368576892,0.5056723790087384,-0.22242608686249998
human_Group4_38.csv,human,592,4.933333333333334,1.1959529720532498,1.1526794983769753,122.00891040767759,145.4210009519087,-15.350304638322285,0.43573305994670564,0.3742139020635001
human_Group4_39.csv,human,588,4.9,1.2206444804175536,1.1670443691491672,124.2712418083636,147.54539263567946,-9.228684873270112,0.4059101333673833,0.14238866892200003
human_Group4_4.csv,human,585,4.875,0.9332022679958747,0.8325092896780278,113.7451284580446,146.82781521816287,-67.92714704995221,0.4245456799026299,0.006903283116000136
human_Group4_40.csv,human,591,4.925,1.1391770132911607,1.1137973349030394,152.6293538992418,156.3264740640556,-8.4547232691055,0.5741043121019416,0.6067195845915001
human_Group4_41.csv,human,587,4.891666666666667,1.0205526884251406,0.9232051621888112,142.0896195220077,128.997777108846,7.572761014475049,0.2941929917498404,0.36591900042450004
human_Group4_42.csv,human,585,4.875,1.0995968318732516,0.9779007250516005,113.12333950750873,152.25700971433838,-23.11908865909885,0.2571334239043887,-0.49275245934249995
human_Group4_5.csv,human,570,4.75,1.233132154213787,0.912809885223952,106.43279053435347,116.95934212006335,-2.7176262073524953,0.4351863918461088,-0.006769865232500061
human_Group4_6.csv,human,592,4.933333333333334,1.4538316000950848,1.3314852694164785,111.01387715590687,129.83900735711453,-25.035695233143684,0.3891958729650819,-0.00019614871999995565
human_Group4_7.csv,human,611,5.091666666666667,1.1926891801880348,0.8498290367515904,112.73332308790562,133.15451549797132,-0.5806462273363309,0.3689337890819254,0.010417954491500014
human_Group4_8.csv,human,598,4.983333333333333,1.3243224831836546,1.1996536670864113,107.69912235012234,109.44868585867069,2.521067414042136,0.3707718675768896,0.020739622514499956
human_Group4_9.csv,human,603,5.025,1.370355662283366,1.1686233170382092,98.97729330502366,101.286959286472,-5.15473232543215,0.38984892080544603,-0.01034590808900021
human_Group5_1.csv,human,584,4.866666666666666,1.2264799457199744,1.0416175189160475,108.62391116969212,125.95545073461483,-25.170662880651832,0.5045229003904332,-0.011086401676499824
human_Group5_10.csv,human,586,4.883333333333334,1.4861642153414432,1.4133340968353132,100.26409467694188,95.83252544738713,21.242761629176925,0.5808085279007914,0.002251376504000091
human_Group5_12.csv,human,598,4.983333333333333,1.5918414927541173,1.4224923558365294,140.677140247445,161.1014534346074,-30.200931676451717,0.913419904878729,0.008727011793999595
human_Group5_13.csv,human,596,4.966666666666667,1.5305768233849293,1.4421703991999546,135.97024377106675,163.51687301945216,-35.118028214462896,0.39136666514939417,-0.6301379245740002
human_Group5_14.csv,human,584,4.866666666666666,1.1867541619058617,0.9687334453044908,144.70807104809947,153.74327193826818,-19.402792030875105,0.2238641080733279,-0.11568774711999996
human_Group5_15.csv,human,583,4.858333333333333,1.3433763293605274,1.2991434051427593,130.93832848535143,136.47345055772246,-15.956560279103158,0.519934994401347,0.2379148577255003
human_Group5_16.csv,human,579,4.825,1.3092882107229895,1.2749419845464438,135.15874291340097,137.7867528762774,-0.8208964470007061,0.511787010160519,-0.2025957705760001
human_Group5_17.csv,human,586,4.883333333333334,1.0685796165761696,0.9755646764043299,141.83774065903714,150.06390831061012,-30.857348111538144,0.7705438735885667,-0.6282559264735
human_Group5_18.csv,human,583,4.858333333333333,1.2358025259702181,1.1126351906054346,152.5603203507129,152.6790603216344,-11.985887801768001,0.45430362524931095,-0.4227564359380001
human_Group5_19.csv,human,589,4.908333333333333,1.1611598895468023,0.9222348267272956,147.55433452453468,163.6926664082479,-37.258551250561965,0.39235453444749574,0.4143159408834999
human_Group5_2.csv,human,585,4.875,1.5149200870758734,1.4192470879055492,103.48559124210945,116.99003280340884,-25.782396527515175,0.5701509273320163,0.0034669202760000406
human_Group5_20.csv,human,586,4.883333333333334,1.2520647182949518,1.0696120658915935,133.93671128719424,148.93547798706823,-29.019915558364644,0.3997511556779676,0.32904172166
human_Group5_21.csv,human,586,4.883333333333334,1.4184195686787733,1.3728036465388238,145.32231207810094,137.7297139382911,-2.2031076905050213,0.5876393079266188,-0.13010143201599977
human_Group5_22.csv,human,584,4.866666666666666,1.2063032375999365,1.0663305662789522,158.09026335882695,157.1536638119555,-15.443704737929352,0.11530841129390393,0.30101042997549987
human_Group5_23.csv,human,585,4.875,1.1708477574604108,1.0614272903685167,155.47964289004773,154.21095486728288,-4.647287100530946,0.2997979927470094,0.48690699437149976
human_Group5_24.csv,human,591,4.925,1.0361674214141778,1.0094548108019554,146.43636901247922,140.5832675148289,10.592847020388348,0.9794069255813908,-0.5509339611574999
human_Group5_25.csv,human,591,4.925,1.0136075446685837,0.998722623759404,162.41832683877138,160.90866228427913,-19.3728223331824,1.0592392146790601,0.091640036092
human_Group5_26.csv,human,588,4.9,1.1013155699528718,1.0627762588069931,148.81681609501373,147.97256181816496,-2.139802013778194,0.9209121772798784,-0.33212266753499964
human_Group5_27.csv,human,588,4.9,1.1005537664190903,0.9794497477693266,157.93515420089201,148.88218885857194,26.532208325111924,0.8418755816930553,0.23798149778000033
human_Group5_28.csv,human,589,4.908333333333333,1.122686033888959,1.107578308214475,153.99873824091367,143.6608909505407,21.25874199628683,1.024314517937007,-0.08005722677699922
human_Group5_29.csv,human,585,4.875,1.1207860808969132,1.0754216436095747,134.27006846175547,171.2209905854523,-40.96620543400002,0.9250381375248855,-0.4255236235069999
human_Group5_3.csv,human,590,4.916666666666667,1.5895865090833328,1.3919069726707514,115.80401814056805,127.97669831313182,-24.95521047752851,0.5209755621798118,-0.006570437565999954
human_Group5_30.csv,human,582,4.85,1.0639519007713187,0.8657613314063933,147.32602150611663,129.33176886083535,12.620001413238413,0.5204357124062398,-0.45082096236899993
human_Group5_31.csv,human,586,4.883333333333334,1.0856728613976363,0.9787568471201747,149.2975753890368,161.33608169515074,-16.33349011750417,0.23468176277932395,0.44056333015549987
human_Group5_32.csv,human,591,4.925,1.0724644619153507,0.9656891825313955,120.52984314825049,134.33023164723474,-9.306732270470448,0.5619167330869959,-0.4478928097335001
human_Group5_33.csv,human,583,4.858333333333333,0.9421939553987572,0.902635542942563,118.55022129923913,109.56553574771898,19.67458461041285,0.7296450538236458,-0.4700211202260002
human_Group5_34.csv,human,592,4.933333333333334,1.074774241779924,1.0154977584667744,133.3577571336844,129.04856418573885,4.733031100129097,0.8038318104678672,-0.4711604167675
human_Group5_35.csv,human,584,4.866666666666666,1.0164187849212252,0.9220210500595346,127.92397605566887,145.24230417739378,-58.73947110302272,0.5812155228847101,-0.4334009495855
human_Group5_36.csv,human,590,4.916666666666667,1.1840223657961,1.0954296068549836,154.04345863235184,146.4890716324987,-4.736533588091902,0.3073264553188081,0.45185278093849984
human_Group5_37.csv,human,588,4.9,1.0908549488865154,1.0036085160640722,143.15777134207556,149.90501432858787,10.292490242504499,0.20292137733754592,-0.0698211142535003
human_Group5_38.csv,human,584,4.866666666666666,1.0114813028154406,0.9585521820202897,141.16962419344816,173.27579872213062,-24.692499315687826,0.8536588108651825,0.44698122351000014
human_Group5_39.csv,human,583,4.858333333333333,1.0951148567694495,1.0484267728949366,132.82241689668476,163.61826219681177,-35.05886587343588,0.5506757127699313,-0.21354459868100006
human_Group5_4.csv,human,596,4.966666666666667,1.6263462729400837,1.526180930841777,109.85376079152459,101.71263241311578,4.6990040502656285,0.592079906903948,-0.015375714551000064
human_Group5_40.csv,human,587,4.891666666666667,0.9755061921373632,0.9200198365282092,134.71098725341236,142.67811982725954,7.041902982653966,0.7035245869758098,-0.4099620046620003
human_Group5_41.csv,human,598,4.983333333333333,1.197424631347938,1.1453967124806992,152.2169136112182,149.89752434605361,-24.810325525600902,0.5114527902168244,-0.18220252947499993
human_Group5_42.csv,human,579,4.825,1.1828948822186023,1.090302186979977,159.3015767255474,156.84297395844035,0.8400932800872454,0.39271095919074045,-0.47508411458800004
human_Group5_5.csv,human,586,4.883333333333334,1.3804093823964678,1.2732579723507218,97.71580749455622,102.94852635453138,0.3634602645538507,0.5633145740640477,-0.016726980090999932
human_Group5_6.csv,human,585,4.875,1.5109090864922905,1.4177440850809049,106.53518310793991,98.74317649234398,15.41837114822745,0.6224271937927056,0.011155494985500058
human_Group5_7.csv,human,586,4.883333333333334,1.457510013434283,1.3662068934367608,102.50836527336396,89.2890364983614,20.127724806756902,0.538989149171999,-0.0014336843329998405
human_Group5_8.csv,human,590,4.916666666666667,1.268020220805272,1.1932328086635022,108.60561713786899,96.71353038025104,14.361651611143543,0.53539025417955,-0.0029539574379999767
human_Group5_9.csv,human,586,4.883333333333334,1.5081866102134376,1.4004995246952694,105.5631315193209,92.366436600364,22.190196934435576,0.6288953869409275,-0.04342013443250026
human_Group6_1.csv,human,594,4.95,1.490330469736076,1.199996747208838,123.47710833931832,145.51907623669737,-51.4942027882128,0.5178372564667504,0.010597215492999634
human_Group6_10.csv,human,598,4.983333333333333,1.7720196999469155,1.2178261034443063,113.00912900474644,124.98892589669697,-28.456428351749295,0.4838545879578671,-0.002608712525499879
human_Group6_11.csv,human,594,4.95,1.0654380084513644,0.9196450606146591,128.53619628239457,119.32627577760252,-3.401429587949721,0.8616963344985161,-0.9890297726939996
human_Group6_12.csv,human,590,4.916666666666667,1.0912058111922678,0.9764918673780988,114.9098623235088,107.68387589950453,37.40431228865745,1.0894444525546017,-0.8184742667239997
human_Group6_13.csv,human,586,4.883333333333334,1.4482550078594933,1.380654171579361,138.25690490118535,147.56485780077773,-5.594987317739509,0.8598870170176376,-0.33585603912999984
human_Group6_14.csv,human,586,4.883333333333334,1.3295003146039408,1.2959878820129649,140.0306359725735,154.44273251093261,-13.191549975588174,0.6064318624709649,0.44023021906700016
human_Group6_15.csv,human,592,4.933333333333334,1.1252218549003663,1.0288368871486853,115.60684602245057,100.0441858848194,35.05919930983276,0.8157583658743028,-0.5049220984884999
human_Group6_16.csv,human,589,4.908333333333333,1.0591241204259758,1.0177703306257573,132.8415067329366,139.22502600536322,-32.70868470623978,1.0406934368516114,0.3593853012889997
human_Group6_17.csv,human,595,4.958333333333333,1.2963191024561533,1.1191261434020263,112.73517450237257,130.2362360018367,-39.50238266058862,0.31645392827637797,-0.04559632506949984
human_Group6_18.csv,human,594,4.95,1.171121618524877,1.136667482857723,108.91771904785006,79.87907517647878,16.374614122219583,1.0514120393016433,-0.5739996997680004
human_Group6_19.csv,human,589,4.908333333333333,1.2432163782898786,1.1537455444842173,122.57202184295166,126.78442537487759,11.20986736494423,0.25145313924111884,-0.13180088795150025
human_Group6_2.csv,human,592,4.933333333333334,1.6377075731633228,1.511624025980641,107.533612413245,123.2388030498771,-29.08855545715079,0.48892844863796453,-0.017769757544499942
human_Group6_20.csv,human,597,4.975,1.0880199732301679,0.9871275990949894,119.81730256986073,136.35138467645424,-24.34457656534387,0.9537699076312103,-0.6136604979325
human_Group6_21.csv,human,589,4.908333333333333,1.043745335182143,0.9684839261096775,115.73653230537559,119.86261660396842,-22.645947720926344,0.7749099583547113,-0.5487178290870004
human_Group6_22.csv,human,589,4.908333333333333,0.9740669910043689,0.8917919364586488,114.76650525761274,131.5603859170873,-29.353686759147067,0.7266003295570552,-0.36377004444699995
human_Group6_23.csv,human,587,4.891666666666667,1.1679246132527092,0.9596556324392127,126.33078486081477,110.49837830182719,20.23486094227607,0.31605200372989334,0.05459503243249997
human_Group6_24.csv,human,587,4.891666666666667,1.2404809836736834,0.9157197519583429,119.10148952855711,130.4404755471629,-16.685413282719466,0.4424524490754131,-0.37938608362599996
human_Group6_25.csv,human,589,4.908333333333333,1.1379409840371244,1.0996198364697378,105.53159061129485,126.41390158180047,-23.73563179711566,0.6642676435166565,0.23887770657100005
human_Group6_26.csv,human,592,4.933333333333334,1.0980020836691202,1.059404302017324,129.45944475795775,140.49366911655667,-4.31539106594127,1.020902904128034,-0.5096178217344998
human_Group6_27.csv,human,587,4.891666666666667,1.2431480514963953,1.1016486578138422,111.3045555698029,107.74389349813788,13.78117907380259,0.2958438687589881,0.26793442128299993
human_Group6_28.csv,human,593,4.941666666666666,1.071706914200718,0.9336190064758417,120.22871950813469,150.63621574138702,-44.724751993674744,0.8301296667956977,-0.5821059918829998
human_Group6_29.csv,human,494,4.116666666666666,0.8837222969119135,0.7891867394920363,96.9567202328237,59.091644707901814,30.19878588235185,0.4411928464752257,-0.5285873272265003
human_Group6_3.csv,human,588,4.9,1.5930566398701944,1.1575054608613018,120.74548576524214,134.56672048971893,-36.096195339587595,0.4299114233509286,-0.00033693608150009435
human_Group6_30.csv,human,588,4.9,1.180361999315021,0.9872486138941369,113.6622462410885,133.73522040577177,-26.197418896248678,0.5990522104852625,0.4853700183605
human_Group6_31.csv,human,590,4.916666666666667,0.9948136075238525,0.937901744666983,153.8270021079986,149.91485241732607,12.120645685623316,0.8197629512602665,-0.03771034824749997
human_Group6_32.csv,human,587,4.891666666666667,1.3377187436285194,1.1451102690345063,146.80139503680547,154.1297416179692,-20.644838786425225,0.29862189317797616,-0.3289375864685
human_Group6_33.csv,human,586,4.883333333333334,1.3971766130218972,1.250046726889104,129.0422809314889,129.94473376465763,-10.7689251179863,0.5110051953582232,0.006728146193000106
human_Group6_34.csv,human,594,4.95,1.0554125948878357,1.0032546066348367,133.85285800095508,145.42206209045227,-18.23150952012284,0.7719269725016213,-0.3656222530400003
human_Group6_35.csv,human,590,4.916666666666667,1.1938413580870322,1.042212942362761,145.03731916832172,150.84876459275048,-1.6273992631146257,0.2160287808106791,0.026764115801999944
human_Group6_36.csv,human,589,4.908333333333333,1.1922815047223057,1.1180601924856344,143.6679190302018,139.55179797994128,8.218464351537165,0.21372563475437523,0.04919935677549997
human_Group6_37.csv,human,589,4.908333333333333,1.159370861802852,1.1050976543518711,124.98554667292878,124.59468808314313,5.109711879874453,0.29084665510750335,0.3291010311595
human_Group6_38.csv,human,594,4.95,1.079399009729155,0.949489404861842,134.19071125021773,131.96330941457595,2.0620844848208435,0.2397237168531456,-0.09428165881499978
human_Group6_39.csv,human,587,4.891666666666667,1.187250280330092,1.0247915201573508,136.72175462655863,159.43622115664354,-47.283039600597334,0.34157637541096936,0.15166042274150007
human_Group6_4.csv,human,592,4.933333333333334,1.451346210863964,1.377533637289524,85.77896154983773,91.04719071793441,9.061659151007206,0.46494413985626937,-0.0022302130440000623
human_Group6_40.csv,human,588,4.9,1.143314160167143,1.0989839454472217,155.32036776627638,150.94026788928858,0.13836425203729164,0.3914237407892172,-0.1533866095325
human_Group6_41.csv,human,535,4.458333333333333,0.9371113422284129,0.7739932506479499,133.30513744371177,122.96406226039244,29.19450071333071,0.23568227867885416,-0.0952601760365
human_Group6_42.csv,human,483,4.025,1.0459608095963615,0.9514337928886519,142.99198773432389,149.3838074420327,-8.447567054709282,0.3143327281749648,-0.10138663608550003
human_Group6_5.csv,human,616,5.133333333333334,1.766412061317765,1.6080135928702177,98.30987607346403,99.7999356389832,8.582186886590733,0.43813929520437483,-0.00788949680350004
human_Group6_6.csv,human,606,5.05,1.8318944737971374,1.506962368268517,80.22134615225164,78.88271427030166,13.875805667032594,0.6137853543987231,0.002169429674000023
human_Group6_7.csv,human,590,4.916666666666667,1.7078323300599534,1.3784951300383268,91.62929184355663,99.63572533456791,-16.564753004825917,0.48149390517736185,-0.02376411868549988
human_Group6_8.csv,human,600,5.0,1.8782855648509083,1.716012519120411,98.42315125799531,96.7966321485344,-7.870298434360734,0.5021715905947125,0.04132962023499992
human_Group6_9.csv,human,592,4.933333333333334,1.9216523901983142,1.8656387488717041,130.95181154948722,124.91697538224541,19.89350191197768,0.5198850432579408,0.0011906683980000832
human_Group7_1.csv,human,591,4.925,1.4996237283033238,0.8998436305264083,117.02594454918862,143.27170401919452,-38.6122727288395,0.567153727359444,0.0012327368630000723
human_Group7_10.csv,human,589,4.908333333333333,1.039389399516613,0.7254410157028387,114.89573996363791,122.76990242558774,-11.402491616959225,0.36741199492505516,-0.02399576232350009
human_Group7_11.csv,human,588,4.9,1.0944328773232366,1.0237582377710452,151.40405214123413,150.79258570329773,-12.988059512750965,0.2449718078186956,0.18701856310699994
human_Group7_12.csv,human,585,4.875,1.2196246000711106,1.0874005093270123,153.10862115273898,156.35115725017755,-9.490877484548747,0.568376950572053,0.13518249589399983
human_Group7_13.csv,human,589,4.908333333333333,1.1948784620397392,0.9713752881851526,149.3335585240381,152.07244717212419,1.143954471109737,0.3012376164027971,0.06267788320950002
human_Group7_14.csv,human,445,3.7083333333333335,0.8547429434089153,0.7767657344499682,149.74214626184175,162.95071460290706,-32.106358948193105,0.3208794196624528,-0.3277159349224999
human_Group7_15.csv,human,354,2.95,1.0745985140150056,0.9624245690151798,143.03254160812457,145.28655418331059,-7.963704541173115,0.37956586931424713,-0.26614874896950025
human_Group7_16.csv,human,409,3.408333333333333,0.9037601087161917,0.7210341512067133,157.49705516469598,167.49500593667682,-16.125804983984523,0.2529857058544059,0.15768134809
human_Group7_17.csv,human,535,4.458333333333333,1.073778657938551,0.8686864907931181,140.6356679731534,151.44619153143972,-6.805327973260205,0.2940281084563458,-0.14382811871500012
human_Group7_18.csv,human,586,4.883333333333334,1.0942594654223723,1.0125289437003921,145.57391659161246,149.57620905548796,-9.019586774459952,0.23876602043571757,0.16935067214850008
human_Group7_19.csv,human,566,4.716666666666667,0.9038991404481771,0.821921416211595,147.49575485374913,132.81952995785915,8.309842293902875,0.2447290830676811,0.04339363598599982
human_Group7_2.csv,human,592,4.933333333333334,1.8840894694952397,1.7647024221500345,100.94220722732892,92.01930039733118,3.257790942547075,0.327645039981544,-0.0057276391330000065
human_Group7_20.csv,human,586,4.883333333333334,1.0509714853030996,0.9961668913235471,144.53730464949984,140.56348358204033,4.644076077687487,0.4266950254094045,0.5655827993239997
human_Group7_21.csv,human,586,4.883333333333334,0.7634965626429384,0.7151512368094686,153.50392753214368,162.08406208253564,-7.882109564337696,0.4637050451852987,-0.1859963464205
human_Group7_22.csv,human,531,4.425,1.0953851433176478,0.9392771248520457,131.20763957778763,163.91121479923626,-43.14574475690982,0.3946006671733333,0.11140348933049998
human_Group7_23.csv,human,536,4.466666666666667,1.1327695007716052,0.8848786495872444,141.25102590620068,145.1522289700556,-18.090305727090254,0.3216102534430998,-0.16913304191
human_Group7_24.csv,human,590,4.916666666666667,0.8960231656869665,0.8247276792396918,135.276277295854,139.56623060073807,0.6513175306640733,0.6149286151297683,-0.00036506838749994497
human_Group7_25.csv,human,595,4.958333333333333,1.1237236212020754,1.0291706471666062,134.49433060265073,148.98783705340966,-26.340762283799364,0.4295572428088847,0.18743055334199987
human_Group7_26.csv,human,585,4.875,0.8236534934171532,0.7960532529855415,144.29812747086643,157.29485706043832,-7.175013025221062,0.582836716234191,-0.2214799438270001
human_Group7_27.csv,human,583,4.858333333333333,0.8698793202247469,0.783215186232288,144.48133740267423,158.19887076844563,-14.406874788731386,0.5472928137045857,-0.3651649081120001
human_Group7_28.csv,human,581,4.841666666666667,1.149809734810149,1.054193392147222,144.47242842092123,159.2221265705305,-21.803077755354536,0.33481585095000344,0.27210633688400027
human_Group7_29.csv,human,582,4.85,1.067973638526628,1.034591331370753,153.61581738770025,156.86122626987324,-8.831980293363273,0.4492258901946391,0.06696371647699995
human_Group7_3.csv,human,590,4.916666666666667,1.4516941479828251,0.6715449534014827,119.61413306789888,144.0067924453986,-45.407073788936174,0.33138451694194226,0.0014642658685000143
human_Group7_30.csv,human,582,4.85,0.9428040942358716,0.7860365530711443,136.90038387429644,156.0957180357369,-31.818075806185306,0.20962611454848626,0.12855679724599986
human_Group7_31.csv,human,591,4.925,1.0213157678208438,0.8500988180213804,148.10703209803972,149.84880415779003,4.47603001420805,0.8164743543539678,-0.5426077424869997
human_Group7_32.csv,human,587,4.891666666666667,1.0383375281173013,0.9227142605682431,151.9333576163299,155.37376758276147,-9.72031269221344,0.6457455125819863,0.3029057938809997
human_Group7_33.csv,human,471,3.925,0.972059703171622,0.8272526799987968,148.0123205173622,161.03374089300755,-32.289449641986664,0.4542865495240382,-0.3922060695880001
human_Group7_34.csv,human,591,4.925,0.9215139320204276,0.7435894467648315,147.10562878136002,141.55437780642504,0.48937382836592747,0.3662502780210076,0.12864759690800032
human_Group7_35.csv,human,562,4.683333333333334,1.1004152720802765,1.0002825250063851,143.6816450012061,149.66298729443142,-14.092034712374272,0.2702940408985783,0.1772162672210001
human_Group7_36.csv,human,593,4.941666666666666,0.8717424842553666,0.8287821765840446,138.33776552956832,146.39650736201597,-0.06893159944348781,0.517917931857226,0.1736264620645
human_Group7_37.csv,human,590,4.916666666666667,1.2255219927050274,1.194967657983635,137.77731931601113,136.7635715307134,8.49929141127393,0.35925559820174535,-0.0897144108580003
human_Group7_38.csv,human,591,4.925,0.8752078246975528,0.8170871387413751,143.47435718744188,143.47869545585664,-0.057698954557082516,0.4653318635768432,-0.4195806126185
human_Group7_39.csv,human,597,4.975,0.938991880713345,0.8628701908892721,140.46469401040466,161.9467006211896,-21.380611569052007,0.4998837397128733,-0.3604323907160001
human_Group7_4.csv,human,479,3.9916666666666667,1.0534310139761691,0.7318548348009163,127.0243260864013,125.37362107688784,-27.492126943323555,0.36377420557068263,-0.006636393353000036
human_Group7_40.csv,human,587,4.891666666666667,1.039374717256967,0.8618589869254539,147.4456912292727,162.71204669503047,-40.549065216612675,0.14479678176737795,-0.25634888558050006
human_Group7_41.csv,human,587,4.891666666666667,1.1744732259048472,0.9840843259190378,142.46010089626188,146.7375376512854,-5.808364570744118,0.362486177564808,0.05140044467549984
human_Group7_42.csv,human,550,4.583333333333333,0.9703190265369583,0.8873201049871452,143.031835151678,144.44062645903193,0.43633236374219564,0.15399618015687544,0.06204336885650022
human_Group7_5.csv,human,590,4.916666666666667,1.0307832504781054,0.7178098254683928,134.2837400150944,141.02968198640394,-32.03866484836284,0.36813953522127335,0.010050317174999934
human_Group7_6.csv,human,590,4.916666666666667,1.199721347988049,0.7908426877885004,109.51350001843159,125.84013291337277,-19.331365277718305,0.36327255494396016,-0.013200199325000106
human_Group7_7.csv,human,591,4.925,1.2331315735340203,0.7660717108009925,108.46048711314995,131.9852285767412,-22.508196669368246,0.3671450239651602,-0.007595464132499841
human_Group7_8.csv,human,589,4.908333333333333,1.097309595231808,0.6867912128406491,122.99581019746694,145.54680830659845,-33.270891177405545,0.37280483011592613,-0.019369836054000222
human_Group7_9.csv,human,588,4.9,1.4359816745699716,1.1839978451671727,110.77870401377164,120.67206732245187,-7.625958091921447,0.3761590873329387,0.0014102268794998762
human_Group8_1.csv,human,604,5.033333333333333,1.6748979022756803,1.1016046874885557,94.398399024745,125.4749513253078,-33.75774676933371,0.6694309371526941,-0.0029098115950001446
human_Group8_10.csv,human,589,4.908333333333333,1.8290648590046348,1.5160445321041536,114.87783176507249,123.52310605879876,-22.79703556504147,0.7464595536239974,0.051363569580499924
human_Group8_11.csv,human,520,4.333333333333333,1.5150776334507379,1.4737204670433863,142.46273508263272,142.2375144971013,3.0904010974167875,0.4269462204513048,0.43465306398450004
human_Group8_12.csv,human,590,4.916666666666667,1.2349559674984818,1.1008826348491911,137.36421702135706,157.149525862303,-7.672143729314229,0.9238760034418059,-0.5305271028654999
human_Group8_13.csv,human,588,4.9,1.5927999100712735,1.4245464247713422,132.439593170745,117.36263339520015,8.133660624879695,0.4730693558374958,0.24051247842699963
human_Group8_14.csv,human,592,4.933333333333334,1.4036220670282968,1.2554930373381408,124.9953557758839,114.91933100831734,-1.2891071534856167,0.94583117772919,0.6852007808399997
human_Group8_15.csv,human,587,4.891666666666667,1.4784772623088114,1.346411859018034,125.55504656479748,157.95258109032667,-37.530083344801724,0.5600499206910264,0.5159169040420002
human_Group8_16.csv,human,592,4.933333333333334,1.625220035756957,1.5559149472844729,129.24826753063226,97.90775122327237,41.28561031617589,0.4433735367644147,0.34756505544249994
human_Group8_17.csv,human,592,4.933333333333334,1.5739810191495756,1.455583411063152,123.73439209114737,116.81279257544004,42.334522898855724,0.42524784273337896,0.13718349227450022
human_Group8_18.csv,human,586,4.883333333333334,1.4052683236778274,1.3083632042615287,122.56021685635902,139.2026907199811,-3.6962353979982936,0.5373405613358359,0.34897409598150003
human_Group8_19.csv,human,586,4.883333333333334,1.4137997217159919,1.193645475193204,106.45340568562999,154.6623171973176,-58.65189894671049,0.5042211510009094,0.26441477836649985
human_Group8_2.csv,human,601,5.008333333333334,1.8044798622057772,1.056655727649485,108.2481085374061,128.25715916235762,-30.81346893654748,0.6898968433117493,0.07330329381400014
human_Group8_20.csv,human,590,4.916666666666667,1.3231310084782626,1.2670362789273026,132.72204939880513,114.57859645667861,-17.86468507663686,1.1255231200819,-0.6104351209419994
human_Group8_21.csv,human,586,4.883333333333334,1.1591303901762404,0.9701358869997335,129.63286316004258,153.63160286154695,-48.39509593672757,0.39400034439348547,0.49809453405250026
human_Group8_22.csv,human,607,5.058333333333334,1.3275703277378321,1.2002242275797135,122.34075428900186,117.81412891031253,1.2238512784614954,0.4849305219414219,0.62719984811
human_Group8_23.csv,human,587,4.891666666666667,1.4257685693829119,1.2430436151546813,124.96867541060872,143.73751359433095,-39.91828464390443,0.5423808420191704,0.884405890351
human_Group8_24.csv,human,591,4.925,1.2483571548807761,1.2120096046753825,143.5708456507297,150.23255070002767,-13.50381477786405,0.5299375585708347,-0.13363768673099985
human_Group8_25.csv,human,590,4.916666666666667,1.3897919705108686,1.3442828580552968,143.53482264936355,156.4266884127077,-2.298181153755678,0.18713540153878777,-0.1898056601399999
human_Group8_26.csv,human,602,5.016666666666667,1.1990714156539273,1.0498819321281314,124.98015001557309,144.0150382556968,-37.0889580003069,0.26591917381088104,0.26631889194499997
human_Group8_27.csv,human,598,4.983333333333333,1.213049938105294,0.9357037242769645,144.0696418756022,107.13663959791899,42.62268071707794,0.5749367213034289,-0.39048938201249983
human_Group8_28.csv,human,593,4.941666666666666,1.5486780642097395,1.397358846794287,125.40920003060367,143.4178413515332,-33.07975627446932,0.3887310363340413,0.521465711904
human_Group8_29.csv,human,590,4.916666666666667,1.5585018159081898,1.4710249276554945,146.13228368232237,150.57677719675436,1.0276133898188675,0.6931583514793508,-0.23694309072099984
human_Group8_3.csv,human,590,4.916666666666667,2.23416698187307,2.015723052646315,98.298512375286,89.96766716228778,14.831057869600045,0.6994663691050771,0.03320575856550012
human_Group8_30.csv,human,593,4.941666666666666,1.5328355525716435,1.3447985739044486,137.15890965532685,150.86025703047738,-27.16448982702542,0.19860989198593412,-0.10552151456049985
human_Group8_31.csv,human,592,4.933333333333334,1.4329095567058296,1.3437651581221148,119.81496431189291,109.89811744152604,8.964712585583868,0.5752144641151412,0.024544421599499877
human_Group8_32.csv,human,590,4.916666666666667,1.1262294450783932,0.9532709483880414,147.7702105229324,157.23394292221167,-29.500667634144563,0.27865775816289917,-0.1445318004795001
human_Group8_33.csv,human,593,4.941666666666666,1.1672966648478416,1.0670994952805692,109.10134199015124,129.66891855672907,-6.789705774791102,0.8582031961280017,-0.7871406854455001
human_Group8_34.csv,human,602,5.016666666666667,1.4657105135014725,1.4015384151122123,125.34968698194632,142.15326800646483,-30.71988545859297,0.3312758198516464,-0.48164046074300026
human_Group8_35.csv,human,599,4.991666666666666,1.4061311464001858,1.363920100437227,121.40862031806678,128.2817653345668,-7.12691933175725,0.49407324781262013,0.2583615149079999
human_Group8_36.csv,human,590,4.916666666666667,1.4000046086304203,1.3299588568756737,101.60426180610278,137.2143188580495,-39.54695331056659,0.5813661509991306,0.10186554921749985
human_Group8_37.csv,human,601,5.008333333333334,1.1113935288999872,1.0048026024008905,111.14513934594167,141.25792944744788,-40.902893480570626,0.9208047965934149,-0.33397270341750007
human_Group8_38.csv,human,598,4.983333333333333,1.1972577909934972,1.0372893385086677,141.399889529682,111.06738893850941,49.39199132680393,0.427934805784092,-0.454843712531
human_Group8_39.csv,human,586,4.883333333333334,1.3439149856718093,1.2335101099709935,131.2553680347343,145.95277990015083,-41.58832930099446,0.31648792341141724,0.07165385533799995
human_Group8_4.csv,human,585,4.875,1.4629407731916702,1.25832240598179,129.36451430366395,144.30357672022785,-41.25073262979862,0.6643156857310786,0.007744908909500081
human_Group8_40.csv,human,588,4.9,1.1491827695578265,0.9899973295897805,146.72807240180822,149.45302373823816,-8.870627848292997,0.5142171987155767,-0.2370672115539999
human_Group8_41.csv,human,590,4.916666666666667,1.4956301909725658,1.275642667311413,154.5923071708766,154.14783503878348,4.596364527618334,0.49861609580990685,0.024327058311500005
human_Group8_42.csv,human,597,4.975,1.2972796779132054,1.2426554641203846,140.14730867593494,128.34442424222974,-23.284930763867493,0.49737514831944457,0.5484175223180002
human_Group8_5.csv,human,592,4.933333333333334,1.5227707902148697,1.2224913591555184,117.10687882541765,145.61728149342593,-37.05951753111178,0.7539137881504603,-0.04501497364500007
human_Group8_6.csv,human,594,4.95,1.7668113147827353,1.1570459431718938,93.68713633154876,79.12038570646938,11.248858007918756,0.7344887281506113,0.026487930542500315
human_Group8_7.csv,human,584,4.866666666666666,1.3706155710659456,1.2707128823833223,133.37520270918472,146.36340078908748,-69.29297123456556,0.7763152473569418,0.024187707274499926
human_Group8_8.csv,human,591,4.925,1.5406026940903643,1.0969847925399732,121.05399400633284,132.77821495909848,-42.37175239833124,0.7844316472409271,0.008306650595999776
human_Group8_9.csv,human,536,4.466666666666667,1.350952911358719,1.122183545906642,118.04345331009091,146.61624485358575,-43.562150276883884,0.7714150458224813,-0.0820162894894998
human_Group9_1.csv,human,598,4.983333333333333,1.691619727483329,1.3291400805301412,113.21063870759522,125.21441633894499,-24.23529845490154,0.5273691273786231,-0.003986377778500194
human_Group9_10.csv,human,589,4.908333333333333,1.4077542359271924,1.0606043606722186,127.86112575338717,148.79344589380935,-16.340921607215904,0.7057970614378208,0.004657713406500008
human_Group9_11.csv,human,591,4.925,1.4185519989162514,1.376222049569441,152.93174153073022,172.7063836304775,-18.86179728408348,0.43128345988177624,-0.5454367777130001
human_Group9_12.csv,human,594,4.95,1.703504587184355,1.6201598679358096,131.6147588733414,134.72407640994228,4.435776909640737,0.47339631585467,0.6562379488525001
human_Group9_13.csv,human,594,4.95,1.5858722237586398,1.5388497426875496,135.65897042055823,163.57789544754982,-69.51460170987373,0.5944422398414637,0.7092665120480002
human_Group9_14.csv,human,591,4.925,1.6126155978409566,1.4975864484049222,141.30546958945695,153.37111921945936,-5.908254318687739,0.3810802559884746,-0.5510382655339998
human_Group9_15.csv,human,595,4.958333333333333,1.629609027035558,1.5758017126459096,143.58123706304076,109.55986845351623,34.95787363411827,0.625298379494649,0.6405851402454996
human_Group9_16.csv,human,590,4.916666666666667,1.6377126459178073,1.5740108099118357,153.14044738723678,149.65517117228916,-25.7247141586343,0.5079237028255703,-0.7290614419820002
human_Group9_17.csv,human,594,4.95,1.7029501815116619,1.5853849182196444,148.0283061819006,153.32746783356166,-0.9837065672475944,0.505619670466351,0.7238549814635
human_Group9_18.csv,human,594,4.95,1.7803616640497548,1.7153428980312073,141.8433701671021,158.4346226332938,-22.206151700770533,0.6045355688543163,0.6810802080980001
human_Group9_19.csv,human,589,4.908333333333333,1.4767186856409367,1.3512357444385918,125.07688908782275,136.5566016593769,-6.692148813451837,1.0444647074399702,-0.5451055039040003
human_Group9_2.csv,human,598,4.983333333333333,1.1241844128652394,0.8775280396270907,123.79578037550266,140.93776307724966,-54.3530862620501,0.566657130049153,0.007150945865000202
human_Group9_20.csv,human,588,4.9,1.511200292582357,1.384890250037218,164.86585056382668,168.8871335130151,-5.216307470010804,1.0203628297101053,0.041459083590000056
human_Group9_21.csv,human,590,4.916666666666667,1.460556810839777,1.3795589705219922,117.19120797609439,105.54733130818279,31.808654818223474,0.2054197849514636,0.07552006667100003
human_Group9_22.csv,human,589,4.908333333333333,1.4270079831310916,1.3980665362089884,141.3040362462535,135.13890981939744,9.632589758399973,1.4812539893542476,0.09310761066500017
human_Group9_23.csv,human,606,5.05,1.5222984019417143,1.345289252881269,143.99156382983014,147.89333466692185,-18.14725615000856,0.25726888503174217,0.5155254935754998
human_Group9_24.csv,human,596,4.966666666666667,1.5476580081314872,1.4658761919010335,126.87852679203654,144.6832163914436,-11.841580310414429,0.7871962585235402,-0.10966488246000028
human_Group9_25.csv,human,589,4.908333333333333,1.1201131398212014,0.9663171517131778,135.50531718747263,136.2535046844682,10.110096600710278,0.8480600838263997,-0.05403888818850011
human_Group9_26.csv,human,608,5.066666666666666,1.4590356219414324,1.2839354072346243,130.32185691380303,94.69884206019368,39.745027330693446,0.3768308659341326,-0.6030988154394998
human_Group9_27.csv,human,599,4.991666666666666,1.2107751900811712,1.1324031497610727,144.99962217669716,148.48678496315662,-32.32840193903819,0.6141421700982809,0.17861036798699959
human_Group9_28.csv,human,592,4.933333333333334,1.4222142142904557,1.2805636422545528,121.63438956803223,74.59485245120851,58.20213202243028,0.20178141098655322,-0.1679472330685
human_Group9_29.csv,human,593,4.941666666666666,1.3640519978339225,1.0639035001980364,124.20566123813597,143.84598893195013,4.4658945771391245,0.4978274218338524,-0.3004102777254998
human_Group9_3.csv,human,597,4.975,1.4349183146450448,1.0583593133617593,117.71750308253455,134.7996863660596,-39.813663869360454,0.6203037917300125,0.017205055392000124
human_Group9_30.csv,human,588,4.9,1.2803809335889078,1.0943088724695043,136.6115420233071,113.55921758912655,8.177406709132,0.48448916720887836,0.5936949813810002
human_Group9_31.csv,human,603,5.025,1.2994652492253194,1.1885852604957294,127.95524301892887,111.18210101822848,23.802047413346003,0.5069600792590978,0.83711900819
human_Group9_32.csv,human,593,4.941666666666666,1.3779695025169922,1.25457590798246,101.80245121239655,115.8000545886145,3.8452745353456663,0.43235641941547803,0.2954526014480001
human_Group9_33.csv,human,594,4.95,1.155489852767212,1.1094321785494092,131.99376246098043,152.5656257456934,-43.47210735651959,1.1498112005165817,-0.4078320168224997
human_Group9_34.csv,human,588,4.9,1.0880398918042276,1.012455911438214,136.09711905041846,148.54410888235614,4.796437820557344,1.086302632743167,-0.0601025184349997
human_Group9_35.csv,human,589,4.908333333333333,1.3705627848118689,1.2814881029408873,130.72369479665977,141.34786804419406,-31.487054153458075,0.7342974626969406,0.3785373955749999
human_Group9_36.csv,human,586,4.883333333333334,1.261195315397088,1.208966856154598,141.23014330139725,153.16820794739786,-22.555721863503607,0.9691856777057202,0.33148667247749997
human_Group9_37.csv,human,587,4.891666666666667,1.3112986608590809,1.2479872253161666,140.95421325163963,144.56367076439588,-1.8694063134309715,0.8623672789453519,0.7456207937119999
human_Group9_38.csv,human,594,4.95,1.3305392696890463,1.3079062871146632,119.10273905145435,123.7015516477738,-4.616867558924156,0.4933137242892718,-0.2545044534589998
human_Group9_39.csv,human,586,4.883333333333334,1.508196388911836,1.3695555581224177,117.19824951419301,122.06428875599575,-2.400839248758885,0.31950113689729265,-0.015060317446500049
human_Group9_4.csv,human,586,4.883333333333334,2.1121944350048905,2.046091946223903,104.86522051506255,112.78729867350525,-5.0573863592315575,0.6858527410894693,0.010654670032499758
human_Group9_40.csv,human,592,4.933333333333334,1.539027571690946,1.4002849115955247,118.64769324646448,109.4133695966302,13.382146220161701,0.35034264767554063,0.1917822505480002
human_Group9_41.csv,human,590,4.916666666666667,1.276765402992073,1.1387937563443147,98.17912554881711,140.58068231046062,-18.59547380155729,0.6126004773609304,-1.001560590977
human_Group9_42.csv,human,591,4.925,1.4848289451140688,1.3729396263318254,135.07753236753697,147.9240030841664,-21.152797279827283,0.7149523687839788,-0.21352542471899993
human_Group9_5.csv,human,588,4.9,1.856798351034611,1.3743342515896522,116.00279128402128,132.8392445334956,-25.666220764785095,0.68971571166575,-0.0064580598350000296
human_Group9_6.csv,human,590,4.916666666666667,1.8507631739665613,1.7253248391000515,101.55801919135472,115.5215136292918,-17.33056341298891,0.8082015626615509,0.004565638428000063
human_Group9_7.csv,human,595,4.958333333333333,2.1834978005522316,2.0132174171782995,104.53873222862074,117.38216771716274,-26.634965612040332,0.4682509076225084,-0.007439948085999848
human_Group9_8.csv,human,587,4.891666666666667,1.6305555114107728,1.5166854176024274,110.77171619735158,142.34314578224246,-59.84763834810714,0.5921467179521827,-0.01678637053700005
human_Group9_9.csv,human,589,4.908333333333333,1.8135304610287757,1.7398487818190163,135.4791673613527,133.93807093341178,-18.556679314305086,0.6388039017424856,-0.10115858985549975
robot_Extra_t1.csv,robot,805,6.708333333333333,1.45108222265045,1.3517448047412335,117.52339284761206,119.09091552116688,-5.336779852706542,0.450134222510377,0.021551779584499886
robot_Extra_t10.csv,robot,804,6.7,1.7462004463405547,1.6933379593190043,102.14282876000235,106.88732522345397,4.845210649002965,0.48700979788776466,0.022461772181499973
robot_Extra_t11.csv,robot,804,6.7,1.6679424162763605,1.3620346075892271,107.03376046799326,118.09394111047982,-17.23406766222182,0.4671841910174018,0.0052417978219998496
robot_Extra_t12.csv,robot,804,6.7,1.2261641401621044,0.9230149562597342,114.7972872009382,126.5948928794215,-17.58654047516339,0.4990392170655392,-0.019439656030500185
robot_Extra_t2.csv,robot,805,6.708333333333333,1.1467178935821831,1.0634911178468636,122.59385165780132,128.95840360495768,-15.493908568990449,0.4212948268628327,-0.003411969337499876
robot_Extra_t3.csv,robot,806,6.716666666666667,1.3829622453208534,1.324880867261928,132.1622351439559,135.2425967674864,-2.586667049702612,0.5033459007231199,0.06816680243049988
robot_Extra_t4.csv,robot,805,6.708333333333333,1.5643320506030967,1.4134644335306035,116.68299797543455,120.16431230776323,-11.95537448433437,0.48758737275395403,0.002867153386499899
robot_Extra_t5.csv,robot,806,6.716666666666667,1.6752172275656674,1.505128900356968,106.36774638814501,110.25769073265167,-8.462583371837312,0.5084752695003677,-0.01112760022699999
robot_Extra_t6.csv,robot,636,5.3,1.1235132637789933,1.021092402614651,124.84375501851713,133.82354645808596,-19.43266671071713,0.5070516431771956,0.0016369182565000306
robot_Extra_t7.csv,robot,805,6.708333333333333,1.3685789423258445,1.270217650254623,127.58072085106762,128.2620851833025,0.62450535321301,0.5046584613601628,0.018254271076000306
robot_Extra_t8.csv,robot,805,6.708333333333333,1.5397040758192033,1.3942716284093242,105.09516202062463,100.3957034122251,3.081281766570143,0.5233376023246552,0.021286103963500003
robot_Extra_t9.csv,robot,806,6.716666666666667,1.1372934849045284,1.058206296767552,126.9248915180661,135.3583958518516,-15.852765499879965,0.4310865189919646,-0.0074444723095000165
robot_Group10_t1.csv,robot,836,6.966666666666667,1.4549214005756397,1.314155916951685,122.56141338201768,125.03193509057483,-2.315168545784033,0.5440392675879628,-0.005776327249000124
robot_Group10_t2.csv,robot,877,7.308333333333334,1.1940001193857979,1.1628273334915482,130.77274982763774,130.94489569856282,0.7368398745358888,0.44871540575771574,0.018952630160500028
robot_Group10_t3.csv,robot,825,6.875,1.2434904613537523,1.0570643987726847,130.20138040291883,135.70972008446338,-12.631606740073792,0.48344086004870995,-0.021544482075499805
robot_Group8_t1.csv,robot,810,6.75,1.736286913179746,1.363523041014875,113.10934760571851,116.98862697086325,-4.245434857316624,0.5316415730687095,0.031037537115499836
robot_Group8_t10.csv,robot,808,6.733333333333333,1.2806134296178069,1.061361597821278,126.10680591803933,139.8333197607883,-27.137988757708214,0.6051222825875595,-0.07472366656150031
robot_Group8_t11.csv,robot,810,6.75,1.2770979115071077,0.9745873608165798,121.3201429815569,135.89143132992055,-26.42429595445175,0.48739987846635174,0.01079556636450002
robot_Group8_t12.csv,robot,825,6.875,1.114822788358284,0.8739728752273092,127.21500197069761,99.31954124002647,19.686169279498642,0.5192208207185667,-0.02248478025200007
robot_Group8_t2.csv,robot,810,6.75,1.5672697508593145,1.44517289532447,128.87937385977062,119.02809388172359,31.441641138018625,0.5072980532636187,-0.020158823079500232
robot_Group8_t3.csv,robot,811,6.758333333333334,1.8819298228119654,1.8590628959677513,126.5067755492038,126.62924901709346,-1.1912649524623475,0.6730878399443296,-0.04831094261299973
robot_Group8_t4.csv,robot,810,6.75,1.7077609702628984,1.4985819415029527,115.34994071258791,114.85908887948523,-7.869144632907691,0.6902174942000865,-0.059417853021500044
robot_Group8_t5.csv,robot,809,6.741666666666666,1.8330745400430697,1.4516096388526945,103.92148882105168,103.27182019537467,1.118884285728626,0.7184891979383763,-0.02108504913649978
robot_Group8_t6.csv,robot,808,6.733333333333333,1.500979609362573,1.3124642217519404,101.17438191289152,116.826620479972,-5.811886924464133,0.6710326246588972,-0.04465470920850012
robot_Group8_t7.csv,robot,811,6.758333333333334,1.6279082144773018,1.4512359557103627,131.25952371223553,129.14970353920648,1.277008406522043,0.6206468938377969,-0.013854678955000255
robot_Group8_t8.csv,robot,808,6.733333333333333,1.2210104038344547,0.9650108370289381,104.78223726313902,112.33814185684913,-7.799323214711023,0.5820728698796103,-0.02487471360950011
robot_Group8_t9.csv,robot,806,6.716666666666667,1.2041201674462338,1.0574920332694617,114.31728887665236,109.10645435180264,1.5394475291213325,0.6620838031116464,-0.07493581322650023
robot_Group9_t1.csv,robot,801,6.675,1.6053948784138787,1.3625558086436562,117.96823003726223,118.783891500617,-1.7006659888204751,0.6020687786208231,0.01518338954600007
robot_Group9_t10.csv,robot,796,6.633333333333334,1.5824989435356371,1.4770708739674863,133.70672777283247,126.61883160780684,-4.929659579068073,0.7045117282635974,0.01655840423249999
robot_Group9_t11.csv,robot,798,6.65,1.5335577668917069,1.312450524335091,110.1527165451134,113.74515745943823,-16.955264801942974,0.7304918374368154,-0.0033388944219999717
robot_Group9_t12.csv,robot,800,6.666666666666667,1.5930597993545232,1.5151159597976942,119.72797044197242,112.689117004308,26.541275308832184,0.62791175134781,0.010568081744000035
robot_Group9_t2.csv,robot,801,6.675,1.3519014838582832,1.2323337681918571,126.65550343263682,125.19729754551776,-1.6680546409656358,0.5979941262199443,-0.03589215498800025
robot_Group9_t3.csv,robot,800,6.666666666666667,1.6001708806835673,1.4903446144362835,107.503039776642,111.23014938230051,-7.382353040335758,0.634579133287725,-0.004583095179999885
robot_Group9_t4.csv,robot,799,6.658333333333333,1.4196800094529607,1.1113245925940085,123.1632790923518,138.0202642363025,-26.294847511371742,0.7323699928258706,-0.002627890965000046
robot_Group9_t5.csv,robot,799,6.658333333333333,1.2575755172711374,1.087547541651807,130.68800561396458,153.34604889299206,-78.59105194704968,0.7067640339561078,-0.051091993758999865
robot_Group9_t6.csv,robot,816,6.8,1.403077747750556,1.0609114715557058,136.8111230571411,171.860935122357,-61.74251156629573,0.6087697620965735,0.003909654215499936
robot_Group9_t7.csv,robot,797,6.641666666666667,1.3252446793001307,1.2466171578861025,112.17078513710598,126.14081361733372,-23.543041508015108,0.6604563203459014,0.008484252028499895
robot_Group9_t8.csv,robot,761,6.341666666666667,1.413707105699861,1.3208411982075852,124.31833051511737,127.02583057597478,-5.010839204986084,0.6165516799082191,0.009328409834000073
robot_Group9_t9.csv,robot,760,6.333333333333333,1.191967456866384,1.1791364399987188,133.82581442154458,138.83385889815318,-9.210189435178165,0.6208651631999309,0.0065519729419997175
